{
    "subset_accuracy": 0.5783132530120482,
    "f1_micro": 0.7545454545454545,
    "f1_macro": 0.6581681948141576,
    "f1_macro_active": 0.6581681948141576,
    "hamming_loss": 0.09294320137693632,
    "roc_auc": 0.9419864342871662,
    "pr_auc": 0.84194330780263
}